{
  "By Availability": {
    "title": "By Availability",
    "options": [
      "In Stock In Store",
      "In Stock Online"
    ]
  },
  "Stores": {
    "title": "Stores",
    "options": [
      "Aberdeen",
      "Accrington",
      "Acocks Green",
      "Aldershot",
      "Altrincham",
      "Andover",
      "Arnison Durham",
      "Arnold",
      "Ashford",
      "Ashington",
      "Ashton Under Lyne",
      "Aylesbury",
      "Ayr",
      "Ballymena",
      "Banbury",
      "Bangor",
      "Bangor Bloomfield",
      "Bangor Wales",
      "Barking",
      "Barnsley",
      "Barnstaple",
      "Barrow-In-Furness",
      "Barry",
      "Basildon",
      "Basingstoke",
      "Bath",
      "Bayswater",
      "Bearwood",
      "Beaumont Leys Leicester",
      "Bedford",
      "Bedminster",
      "Beeston",
      "Belfast Ann Street",
      "Belle Vale",
      "Beverley",
      "Bexleyheath",
      "Bilston",
      "Birkenhead",
      "Birmingham",
      "Bishop Auckland",
      "Bishops Stortford",
      "Blackburn",
      "Blackpool",
      "Bletchley",
      "Bognor Regis",
      "Bolton",
      "Bootle",
      "Borehamwood",
      "Boscombe",
      "Boston Bargate",
      "Bournemouth",
      "Bournemouth - Castlepoint",
      "Bracknell",
      "Bradford",
      "Braintree",
      "Bridgend",
      "Bridgwater",
      "Bridlington",
      "Brighton",
      "Brighton - London Road",
      "Bristol",
      "Brixton",
      "Bromley",
      "Bromsgrove",
      "Bulwell",
      "Burgess Hill",
      "Burnley",
      "Burton On Trent",
      "Bury",
      "Bury St Edmunds",
      "Buxton",
      "Camberley",
      "Cambridge",
      "Camden",
      "Cannock",
      "Canterbury",
      "Canvey Island",
      "Cardiff St Davids",
      "Carlisle",
      "Carmarthen",
      "Castleford",
      "Catterick",
      "Chatham",
      "Chelmsford",
      "Chelmsley Wood",
      "Cheltenham",
      "Chester",
      "Chesterfield",
      "Chichester",
      "Chippenham",
      "Chorley",
      "Clacton on Sea",
      "Clydebank",
      "Coalville",
      "Colchester",
      "Coleraine",
      "Cookstown",
      "Corby",
      "Coventry - Hertford St",
      "Coventry Arena Park",
      "Coventry Cannon Park",
      "Craigavon",
      "Cramlington",
      "Crawley",
      "Crewe",
      "Croydon George St",
      "Crystal Peaks",
      "Cumbernauld",
      "Cwmbran",
      "Dagenham",
      "Dalston Hackney",
      "Darlington",
      "Dartford",
      "Denton",
      "Deptford",
      "Derby",
      "Derby Phone Exchange",
      "Dewsbury",
      "Doncaster",
      "Douglas",
      "Dover",
      "Dudley",
      "Dundee",
      "Dunfermline",
      "Dunstable",
      "Durham",
      "East Grinstead",
      "East Ham",
      "East Kilbride",
      "Eastbourne",
      "Eastleigh",
      "Edgware",
      "Edinburgh",
      "Edinburgh Cameron Toll",
      "Edmonton",
      "Elephant and Castle",
      "Ellesmere Port",
      "Eltham",
      "Enfield",
      "Enniskillen",
      "Epsom",
      "Erdington",
      "Evesham",
      "Exeter",
      "Exmouth",
      "Falkirk",
      "Fareham",
      "Farnborough",
      "Felixstowe",
      "Feltham",
      "Folkestone",
      "Gateshead Metro Centre",
      "Gateshead Trinity Square",
      "Gillingham",
      "Glasgow - Union Street",
      "Glasgow Forge",
      "Glasgow Sauchiehall",
      "Glenrothes",
      "Gloucester",
      "Gosport",
      "Grantham",
      "Gravesend",
      "Grays",
      "Great Yarmouth",
      "Greenock",
      "Grimsby",
      "Guildford",
      "Halesowen",
      "Halifax",
      "Hammersmith",
      "Harlow",
      "Harrogate",
      "Harrow",
      "Hartlepool",
      "Hastings",
      "Hatfield",
      "Havant",
      "Hemel Hempstead",
      "Hereford",
      "Hertford",
      "High Wycombe",
      "Hinckley",
      "Holloway",
      "Horsham",
      "Hounslow",
      "Hove",
      "Huddersfield",
      "Hull",
      "Hull Northpoint",
      "Hull Whitefriargate",
      "Huntingdon",
      "Ilford",
      "Ilkeston",
      "Inverness",
      "Ipswich",
      "Irvine",
      "Islington",
      "Keighley",
      "Kendal",
      "Kennedy Centre",
      "Kettering",
      "Kidderminster",
      "Kilburn",
      "Kilmarnock",
      "Kings Heath",
      "Kings Lynn",
      "Kingston",
      "Kingswood",
      "Kirkcaldy",
      "Lakeside",
      "Lancaster",
      "Leamington Spa",
      "Leeds",
      "Leeds Crossgates",
      "Leeds White Rose",
      "Leicester Gallowtree Gate",
      "Leicester Phone Exchange",
      "Leigh",
      "Leith Edinburgh",
      "Letchworth",
      "Lewisham",
      "Lichfield",
      "Lincoln",
      "Lisburn",
      "Liverpool Central",
      "Liverpool Lord St",
      "Livingston",
      "London - W1 Rathbone Place",
      "London - W1 Tottenham Crt Rd",
      "Londonderry",
      "Long Eaton",
      "Loughborough",
      "Lowestoft",
      "Luton",
      "Macclesfield",
      "Maidenhead",
      "Maidstone",
      "Manchester Arndale",
      "Mansfield",
      "Margate",
      "Melton Mowbray",
      "Merry Hill",
      "Merthyr Tydfil",
      "Middlesbrough",
      "Middlesbrough Linthorpe Road",
      "Middleton",
      "Milton Keynes",
      "Morden",
      "Morley",
      "Motherwell",
      "Nantwich",
      "Newark",
      "Newbury",
      "Newcastle Grainger St",
      "Newcastle under Lyme",
      "Newcastle upon Tyne",
      "Newmarket",
      "Newport",
      "Newport Isle Of Wight",
      "Newquay",
      "Newry",
      "Newton Abbot",
      "Newtownabbey",
      "Newtownards",
      "North Finchley",
      "North Shields",
      "Northallerton",
      "Northampton",
      "Northampton - Weston Favell",
      "Northfield",
      "Northwich",
      "Norwich",
      "Nottingham",
      "Nottingham Victoria",
      "Nuneaton",
      "Oldham",
      "Ormskirk",
      "Orpington",
      "Oxford Cowley",
      "Paisley",
      "Palmers Green",
      "Peckham",
      "Penzance",
      "Perry Barr",
      "Perth",
      "Peterborough",
      "Peterlee",
      "Plymouth",
      "Pontypridd",
      "Poole",
      "Port Talbot",
      "Portsmouth",
      "Portsmouth North End",
      "Preston",
      "Ramsgate",
      "Reading",
      "Redcar",
      "Redditch",
      "Redhill",
      "Rhyl",
      "Richmond",
      "Roath Cardiff",
      "Rochdale",
      "Romford",
      "Rotherham",
      "Rugby",
      "Ruislip",
      "Salford",
      "Salisbury",
      "Scarborough",
      "Scunthorpe",
      "Serpentine Green",
      "Sheffield",
      "Shepherds Bush",
      "Shrewsbury Castle Street",
      "Sittingbourne",
      "Skegness",
      "Solihull",
      "South Shields",
      "Southampton",
      "Southampton - Shirley",
      "Southend",
      "Southport",
      "St Albans",
      "St Austell",
      "St Helens",
      "Stafford",
      "Staines",
      "Stevenage",
      "Stirling",
      "Stockport",
      "Stockton",
      "Stoke",
      "Stratford",
      "Stratford upon Avon",
      "Streatham",
      "Street",
      "Stroud",
      "Sunderland",
      "Sutton",
      "Sutton Coldfield",
      "Sutton In Ashfield",
      "Swansea",
      "Swindon",
      "Tamworth",
      "Taunton",
      "Telford",
      "Thetford",
      "Tonbridge",
      "Tooting",
      "Torquay",
      "Trowbridge",
      "Truro",
      "Tunbridge Wells",
      "Uxbridge",
      "Wakefield",
      "Wakefield - The Springs",
      "Walsall",
      "Waltham Cross",
      "Walthamstow",
      "Wandsworth",
      "Warrington",
      "Washington",
      "Watford",
      "Wellingborough",
      "Welwyn Garden City",
      "Wembley",
      "West Bromwich",
      "Weston-Super-Mare",
      "Weymouth",
      "Whitechapel",
      "Widnes",
      "Wigan",
      "Wimbledon",
      "Winchester",
      "Windsor",
      "Woking",
      "Wolverhampton",
      "Wolverhampton Wulfrun",
      "Wood Green",
      "Woolwich",
      "Worcester",
      "Workington",
      "Worksop",
      "Worthing",
      "Wrexham",
      "Wythenshawe",
      "Yate",
      "Yeovil",
      "York"
    ]
  },
  "By Category": {
    "title": "By Category",
    "options": [
      "NVMe SSDs",
      "PC Accessories",
      "PC Gaming Controllers",
      "Playstation2 Consoles",
      "Playstation2 Controllers",
      "Playstation2 Rarities",
      "Playstation3 Accessories",
      "Playstation3 Consoles",
      "Playstation3 Games",
      "Playstation4 Accessories",
      "Playstation4 Consoles",
      "Playstation4 Controllers",
      "Playstation4 Games",
      "Playstation5 Accessories",
      "Playstation5 Consoles",
      "Playstation5 Controllers",
      "Playstation5 Games"
    ]
  },
  "Condition": {
    "title": "Condition",
    "options": [
      "Boxed",
      "Discounted",
      "Mint",
      "Unboxed"
    ]
  },
  "Console Colour": {
    "title": "Console Colour",
    "options": [
      "Black",
      "Chroma Indigo",
      "Cobalt Blue",
      "Cosmic Red",
      "Galactic Purple",
      "Gold",
      "Grey",
      "Grey Camouflage",
      "Midnight Black",
      "Nova Pink",
      "Red/Black",
      "Starlight Blue",
      "Sterling Silver",
      "Volcanic Red",
      "White"
    ]
  },
  "Edition": {
    "title": "Edition",
    "options": [
      "30th Anniversary Digital Edition",
      "30th Anniversary Edition",
      "Digital Edition",
      "Ghost of Yotei Edition",
      "Spider-Man 2 Digital Edition",
      "Spider-Man 2 Edition",
      "Standard Edition"
    ]
  },
  "Item": {
    "title": "Item",
    "options": [
      "Sony Playstation 5",
      "Sony Playstation 5 Pro",
      "Sony Playstation 5 Slim"
    ]
  },
  "Main Colour": {
    "title": "Main Colour",
    "options": [
      "Black",
      "Blue",
      "Gold",
      "Grey",
      "Pink",
      "Purple",
      "Red",
      "Red/Black",
      "Silver",
      "White"
    ]
  },
  "Model Name": {
    "title": "Model Name",
    "options": [
      "Playstation 5",
      "Playstation 5 Pro",
      "Playstation 5 Slim"
    ]
  },
  "Number of Controllers": {
    "title": "Number of Controllers",
    "options": [
      "1"
    ]
  },
  "Storage": {
    "title": "Storage",
    "options": [
      "1TB",
      "2TB",
      "825GB"
    ]
  }
}