{
  "By Availability": {
    "title": "By Availability",
    "options": [
      "In Stock In Store",
      "In Stock Online"
    ]
  },
  "Stores": {
    "title": "Stores",
    "options": [
      "Aberdeen",
      "Accrington",
      "Acocks Green",
      "Aldershot",
      "Altrincham",
      "Andover",
      "Arnison Durham",
      "Ashford",
      "Ashington",
      "Ashton Under Lyne",
      "Aylesbury",
      "Ayr",
      "Ballymena",
      "Banbury",
      "Bangor",
      "Bangor Bloomfield",
      "Bangor Wales",
      "Barking",
      "Barnsley",
      "Barnstaple",
      "Barry",
      "Basildon",
      "Basingstoke",
      "Bath",
      "Bayswater",
      "Bearwood",
      "Beaumont Leys Leicester",
      "Bedford",
      "Bedminster",
      "Beeston",
      "Belfast Ann Street",
      "Belle Vale",
      "Beverley",
      "Bexleyheath",
      "Bilston",
      "Birkenhead",
      "Birmingham",
      "Bishop Auckland",
      "Bishops Stortford",
      "Blackburn",
      "Bletchley",
      "Bognor Regis",
      "Bolton",
      "Bootle",
      "Borehamwood",
      "Boscombe",
      "Boston Bargate",
      "Bournemouth",
      "Bournemouth - Castlepoint",
      "Bracknell",
      "Bradford",
      "Braintree",
      "Bridgend",
      "Bridgwater",
      "Bridlington",
      "Brighton",
      "Brighton - London Road",
      "Bristol",
      "Brixton",
      "Bromley",
      "Bromsgrove",
      "Bulwell",
      "Burgess Hill",
      "Burnley",
      "Burton On Trent",
      "Bury",
      "Bury St Edmunds",
      "Buxton",
      "Camberley",
      "Cambridge",
      "Camden",
      "Cannock",
      "Cardiff St Davids",
      "Carlisle",
      "Carmarthen",
      "Castleford",
      "Chatham",
      "Chelmsford",
      "Chelmsley Wood",
      "Cheltenham",
      "Chester",
      "Chesterfield",
      "Chichester",
      "Chippenham",
      "Chorley",
      "Clacton on Sea",
      "Clydebank",
      "Coalville",
      "Coleraine",
      "Cookstown",
      "Corby",
      "Coventry - Hertford St",
      "Coventry Arena Park",
      "Coventry Cannon Park",
      "Craigavon",
      "Cramlington",
      "Crawley",
      "Crewe",
      "Croydon George St",
      "Crystal Peaks",
      "Cumbernauld",
      "Cwmbran",
      "Dagenham",
      "Dalston Hackney",
      "Darlington",
      "Dartford",
      "Denton",
      "Deptford",
      "Derby",
      "Derby Phone Exchange",
      "Dewsbury",
      "Doncaster",
      "Dover",
      "Dudley",
      "Dundee",
      "Dunfermline",
      "Dunstable",
      "East Grinstead",
      "East Ham",
      "East Kilbride",
      "Eastbourne",
      "Edgware",
      "Edinburgh",
      "Edinburgh Cameron Toll",
      "Edmonton",
      "Elephant and Castle",
      "Eltham",
      "Enfield",
      "Enniskillen",
      "Epsom",
      "Erdington",
      "Evesham",
      "Exeter",
      "Exmouth",
      "Falkirk",
      "Fareham",
      "Farnborough",
      "Feltham",
      "Folkestone",
      "Gateshead Metro Centre",
      "Gateshead Trinity Square",
      "Gillingham",
      "Glasgow - Union Street",
      "Glasgow Forge",
      "Glasgow Sauchiehall",
      "Glenrothes",
      "Gloucester",
      "Gosport",
      "Grantham",
      "Gravesend",
      "Grays",
      "Great Yarmouth",
      "Grimsby",
      "Halesowen",
      "Halifax",
      "Hammersmith",
      "Harlow",
      "Harrogate",
      "Harrow",
      "Hartlepool",
      "Hastings",
      "Hatfield",
      "Havant",
      "Hemel Hempstead",
      "Hereford",
      "Hertford",
      "High Wycombe",
      "Hinckley",
      "Holloway",
      "Horsham",
      "Hounslow",
      "Hove",
      "Huddersfield",
      "Hull",
      "Hull Northpoint",
      "Hull Whitefriargate",
      "Huntingdon",
      "Ilford",
      "Ilkeston",
      "Inverness",
      "Ipswich",
      "Islington",
      "Keighley",
      "Kendal",
      "Kennedy Centre",
      "Kettering",
      "Kidderminster",
      "Kilburn",
      "Kilmarnock",
      "Kings Heath",
      "Kings Lynn",
      "Kingston",
      "Kingswood",
      "Kirkcaldy",
      "Lakeside",
      "Lancaster",
      "Leamington Spa",
      "Leeds",
      "Leeds Crossgates",
      "Leeds White Rose",
      "Leicester Gallowtree Gate",
      "Leicester Phone Exchange",
      "Leigh",
      "Letchworth",
      "Lewisham",
      "Lichfield",
      "Lisburn",
      "Liverpool Central",
      "Liverpool Lord St",
      "Livingston",
      "London - W1 Rathbone Place",
      "London - W1 Tottenham Crt Rd",
      "Londonderry",
      "Long Eaton",
      "Loughborough",
      "Lowestoft",
      "Macclesfield",
      "Maidenhead",
      "Maidstone",
      "Manchester Arndale",
      "Margate",
      "Melton Mowbray",
      "Merry Hill",
      "Merthyr Tydfil",
      "Middlesbrough",
      "Middlesbrough Linthorpe Road",
      "Milton Keynes",
      "Morden",
      "Morley",
      "Motherwell",
      "Newark",
      "Newbury",
      "Newcastle Grainger St",
      "Newcastle under Lyme",
      "Newcastle upon Tyne",
      "Newmarket",
      "Newport",
      "Newport Isle Of Wight",
      "Newquay",
      "Newry",
      "Newton Abbot",
      "Newtownabbey",
      "Newtownards",
      "North Finchley",
      "North Shields",
      "Northallerton",
      "Northampton",
      "Northampton - Weston Favell",
      "Northfield",
      "Northwich",
      "Norwich",
      "Nottingham",
      "Nuneaton",
      "Ormskirk",
      "Orpington",
      "Oxford Cowley",
      "Paisley",
      "Palmers Green",
      "Penzance",
      "Perry Barr",
      "Perth",
      "Peterborough",
      "Peterlee",
      "Plymouth",
      "Pontypridd",
      "Poole",
      "Port Talbot",
      "Portsmouth",
      "Portsmouth North End",
      "Preston",
      "Ramsgate",
      "Reading",
      "Redcar",
      "Redditch",
      "Redhill",
      "Rhyl",
      "Richmond",
      "Roath Cardiff",
      "Rochdale",
      "Romford",
      "Rotherham",
      "Rugby",
      "Ruislip",
      "Salford",
      "Salisbury",
      "Scarborough",
      "Scunthorpe",
      "Serpentine Green",
      "Sheffield",
      "Shepherds Bush",
      "Shrewsbury Castle Street",
      "Sittingbourne",
      "Skegness",
      "Solihull",
      "South Shields",
      "Southampton",
      "Southampton - Shirley",
      "Southend",
      "St Albans",
      "St Helens",
      "Stafford",
      "Staines",
      "Stevenage",
      "Stirling",
      "Stockport",
      "Stockton",
      "Stoke",
      "Stratford",
      "Stratford upon Avon",
      "Streatham",
      "Street",
      "Stroud",
      "Sunderland",
      "Sutton",
      "Sutton Coldfield",
      "Sutton In Ashfield",
      "Swansea",
      "Swindon",
      "Taunton",
      "Telford",
      "Thetford",
      "Tonbridge",
      "Tooting",
      "Torquay",
      "Trowbridge",
      "Truro",
      "Tunbridge Wells",
      "Uxbridge",
      "Wakefield",
      "Wakefield - The Springs",
      "Walsall",
      "Waltham Cross",
      "Walthamstow",
      "Wandsworth",
      "Warrington",
      "Washington",
      "Watford",
      "Wellingborough",
      "Welwyn Garden City",
      "Wembley",
      "West Bromwich",
      "Weston-Super-Mare",
      "Weymouth",
      "Whitechapel",
      "Widnes",
      "Wigan",
      "Wimbledon",
      "Winchester",
      "Windsor",
      "Woking",
      "Wolverhampton",
      "Wolverhampton Wulfrun",
      "Wood Green",
      "Woolwich",
      "Worcester",
      "Worksop",
      "Worthing",
      "Wythenshawe",
      "Yate",
      "Yeovil",
      "York"
    ]
  },
  "By Category": {
    "title": "By Category",
    "options": [
      "Digital SLR Cameras"
    ]
  },
  "Connectivity": {
    "title": "Connectivity",
    "options": [
      "Bluetooth",
      "GPS",
      "NFC",
      "USB",
      "Wi-Fi"
    ]
  },
  "Grade": {
    "title": "Grade",
    "options": [
      "A",
      "B",
      "C"
    ]
  },
  "Kit Type": {
    "title": "Kit Type",
    "options": [
      "Body + Lens",
      "Body Only"
    ]
  },
  "Manufacturer": {
    "title": "Manufacturer",
    "options": [
      "Canon",
      "NBD",
      "NIkon",
      "Olympus",
      "Pentax",
      "Sony"
    ]
  },
  "Model Name": {
    "title": "Model Name",
    "options": [
      "Alpha",
      "Alpha 68",
      "D7200",
      "EOS",
      "K-70",
      "Nikon D",
      "Olympus E",
      "Pentax K"
    ]
  },
  "Model Number": {
    "title": "Model Number",
    "options": [
      "1000D",
      "1200D",
      "1500D",
      "1DX Mark II",
      "2000D",
      "250D",
      "4000D",
      "400D",
      "550D",
      "600D",
      "650D",
      "6D Mark II",
      "80D",
      "850D",
      "D3100",
      "D3200",
      "D3300",
      "D3400",
      "D3500",
      "D5200",
      "D5300",
      "D5600",
      "D7100",
      "D7500",
      "SLT-A68"
    ]
  },
  "Resolution (Megapixels)": {
    "title": "Resolution (Megapixels)",
    "options": [
      "10",
      "10.1",
      "10.2",
      "12.1",
      "12.2",
      "12.3",
      "12.4",
      "14",
      "14.2",
      "14.6",
      "15.1",
      "16.1",
      "16.2",
      "16.3",
      "18",
      "18.1",
      "20",
      "20.1",
      "20.2",
      "20.8",
      "20.9",
      "21.1",
      "22.3",
      "24",
      "24.1",
      "24.2",
      "24.3",
      "26.2",
      "3.1",
      "30.4",
      "32.5",
      "33",
      "36.3",
      "45.7",
      "50.6",
      "6.1",
      "6.3",
      "7.5",
      "8",
      "8.2"
    ]
  }
}