{
  "By Availability": {
    "title": "By Availability",
    "options": [
      "In Stock In Store",
      "In Stock Online"
    ]
  },
  "Stores": {
    "title": "Stores",
    "options": [
      "Aberdeen",
      "Acocks Green",
      "Aldershot",
      "Altrincham",
      "Arnison Durham",
      "Arnold",
      "Ashford",
      "Ashton Under Lyne",
      "Aylesbury",
      "Banbury",
      "Bangor",
      "Barking",
      "Barnsley",
      "Barnstaple",
      "Barrow-In-Furness",
      "Basildon",
      "Basingstoke",
      "Bath",
      "Bayswater",
      "Bearwood",
      "Bedford",
      "Beeston",
      "Belfast Ann Street",
      "Belle Vale",
      "Birmingham",
      "Bishops Stortford",
      "Blackpool",
      "Bletchley",
      "Bognor Regis",
      "Bootle",
      "Borehamwood",
      "Boscombe",
      "Bournemouth - Castlepoint",
      "Bracknell",
      "Bradford",
      "Braintree",
      "Brighton",
      "Brighton - London Road",
      "Bristol",
      "Bromley",
      "Bromsgrove",
      "Bulwell",
      "Burgess Hill",
      "Burnley",
      "Burton On Trent",
      "Buxton",
      "Camberley",
      "Cambridge",
      "Cannock",
      "Carlisle",
      "Castleford",
      "Chatham",
      "Chelmsford",
      "Chelmsley Wood",
      "Cheltenham",
      "Chester",
      "Chesterfield",
      "Chorley",
      "Clacton on Sea",
      "Coalville",
      "Coleraine",
      "Coventry - Hertford St",
      "Coventry Arena Park",
      "Craigavon",
      "Cramlington",
      "Crawley",
      "Crewe",
      "Croydon George St",
      "Crystal Peaks",
      "Cwmbran",
      "Dagenham",
      "Dalston Hackney",
      "Darlington",
      "Denton",
      "Deptford",
      "Derby",
      "Derby Phone Exchange",
      "Dewsbury",
      "Douglas",
      "Dundee",
      "Dunfermline",
      "Dunstable",
      "East Grinstead",
      "East Ham",
      "Eastbourne",
      "Edgware",
      "Edinburgh",
      "Edinburgh Cameron Toll",
      "Edmonton",
      "Elephant and Castle",
      "Ellesmere Port",
      "Eltham",
      "Enfield",
      "Enniskillen",
      "Epsom",
      "Erdington",
      "Falkirk",
      "Fareham",
      "Farnborough",
      "Feltham",
      "Folkestone",
      "Gateshead Metro Centre",
      "Gateshead Trinity Square",
      "Glasgow - Union Street",
      "Glasgow Forge",
      "Glasgow Sauchiehall",
      "Gloucester",
      "Grantham",
      "Gravesend",
      "Grays",
      "Greenock",
      "Guildford",
      "Halifax",
      "Hammersmith",
      "Harlow",
      "Harrogate",
      "Harrow",
      "Hastings",
      "Hatfield",
      "Hemel Hempstead",
      "Hertford",
      "Holloway",
      "Hounslow",
      "Hove",
      "Hull",
      "Hull Whitefriargate",
      "Huntingdon",
      "Ilford",
      "Inverness",
      "Ipswich",
      "Irvine",
      "Keighley",
      "Kendal",
      "Kettering",
      "Kidderminster",
      "Kilburn",
      "Kilmarnock",
      "Kings Heath",
      "Kings Lynn",
      "Kingston",
      "Kingswood",
      "Kirkcaldy",
      "Lakeside",
      "Lancaster",
      "Leamington Spa",
      "Leeds",
      "Leeds White Rose",
      "Leicester Gallowtree Gate",
      "Leicester Phone Exchange",
      "Leigh",
      "Lewisham",
      "Lichfield",
      "Lisburn",
      "Liverpool Central",
      "Liverpool Lord St",
      "Livingston",
      "London - W1 Rathbone Place",
      "London - W1 Tottenham Crt Rd",
      "Londonderry",
      "Long Eaton",
      "Lowestoft",
      "Luton",
      "Macclesfield",
      "Maidenhead",
      "Maidstone",
      "Manchester Arndale",
      "Mansfield",
      "Melton Mowbray",
      "Merry Hill",
      "Middleton",
      "Milton Keynes",
      "Morley",
      "Motherwell",
      "Newark",
      "Newcastle Grainger St",
      "Newcastle under Lyme",
      "Newmarket",
      "Newport",
      "Newport Isle Of Wight",
      "Newry",
      "Newton Abbot",
      "Newtownabbey",
      "Newtownards",
      "Northallerton",
      "Northampton",
      "Northfield",
      "Northwich",
      "Norwich",
      "Nuneaton",
      "Oldham",
      "Ormskirk",
      "Orpington",
      "Oxford Cowley",
      "Paisley",
      "Peckham",
      "Penzance",
      "Peterborough",
      "Plymouth",
      "Port Talbot",
      "Portsmouth",
      "Portsmouth North End",
      "Preston",
      "Reading",
      "Redditch",
      "Redhill",
      "Rhyl",
      "Richmond",
      "Roath Cardiff",
      "Rochdale",
      "Romford",
      "Rotherham",
      "Rugby",
      "Salford",
      "Scarborough",
      "Scunthorpe",
      "Serpentine Green",
      "Shepherds Bush",
      "Shrewsbury Castle Street",
      "Skegness",
      "Solihull",
      "Southampton",
      "Southampton - Shirley",
      "Southend",
      "Southport",
      "St Albans",
      "St Austell",
      "St Helens",
      "Stafford",
      "Staines",
      "Stevenage",
      "Stirling",
      "Stockton",
      "Stoke",
      "Stratford",
      "Stratford upon Avon",
      "Streatham",
      "Street",
      "Stroud",
      "Sutton",
      "Sutton Coldfield",
      "Sutton In Ashfield",
      "Swansea",
      "Swindon",
      "Tamworth",
      "Taunton",
      "Thetford",
      "Tonbridge",
      "Truro",
      "Tunbridge Wells",
      "Wakefield",
      "Walsall",
      "Waltham Cross",
      "Walthamstow",
      "Wandsworth",
      "Washington",
      "Watford",
      "Wellingborough",
      "Wembley",
      "Weymouth",
      "Whitechapel",
      "Widnes",
      "Wimbledon",
      "Windsor",
      "Woking",
      "Wolverhampton",
      "Wolverhampton Wulfrun",
      "Wood Green",
      "Woolwich",
      "Worcester",
      "Worthing",
      "Wrexham",
      "Wythenshawe",
      "Yate",
      "York"
    ]
  },
  "By Category": {
    "title": "By Category",
    "options": [
      "Cameras - Compact System"
    ]
  },
  "Connectivity": {
    "title": "Connectivity",
    "options": [
      "Bluetooth",
      "NFC",
      "USB",
      "Wi-Fi"
    ]
  },
  "Grade": {
    "title": "Grade",
    "options": [
      "A",
      "B",
      "C"
    ]
  },
  "Kit Type": {
    "title": "Kit Type",
    "options": [
      "Body + Lens",
      "Body Only"
    ]
  },
  "Manufacturer": {
    "title": "Manufacturer",
    "options": [
      "Canon",
      "Fujifilm",
      "G-Anica",
      "Hasselblad",
      "Leica",
      "NIkon",
      "OM System",
      "Olympus",
      "Panasonic",
      "Praktica",
      "Samsung",
      "Sony"
    ]
  },
  "Model Name": {
    "title": "Model Name",
    "options": [
      "Alpha",
      "Alpha 3000",
      "Alpha 5000",
      "Alpha 5100",
      "Alpha 6000",
      "Alpha 6300",
      "Alpha 6400",
      "Alpha 6500",
      "Alpha 7",
      "Alpha 7 II",
      "Alpha 7 III",
      "Alpha 7R",
      "Alpha A7 II",
      "EOS M",
      "EOS M10",
      "EOS M100",
      "EOS M3",
      "EOS M5",
      "EOS M50",
      "EOS M6",
      "EOS R",
      "EOS RP",
      "Fujifilm X",
      "J1",
      "Lumix DMC-GH2",
      "Lumix DMC-GH3",
      "Lumix DMC-GH4",
      "Lumix G",
      "Lumix G2",
      "Lumix G6",
      "Lumix G7",
      "Lumix GX10",
      "Lumix GX80",
      "NEX-5",
      "NEX-6",
      "NEX-7",
      "NX1000",
      "NX300",
      "NX300M",
      "OM-D E-M1",
      "OM-D E-M10",
      "OM-D E-M5",
      "Pen E-PL1",
      "Pen E-PL9",
      "V1",
      "V2",
      "X-Pro",
      "X-T2",
      "Z6"
    ]
  },
  "Resolution (Megapixels)": {
    "title": "Resolution (Megapixels)",
    "options": [
      "10.1",
      "10.28",
      "12.1",
      "12.3",
      "14.2",
      "16",
      "16.05",
      "16.1",
      "16.3",
      "18",
      "20",
      "20.1",
      "20.3",
      "24",
      "24.1",
      "24.2",
      "24.3",
      "24.5",
      "26.2",
      "30.3",
      "42",
      "61"
    ]
  }
}